loss,f1_score,accuracy
1.6812986135482788,[0.        0.        0.        0.4076555 0.        0.       ],0.25600960850715637
