loss,f1_score,accuracy
0.9940557479858398,[0.5142857 0.        0.6262626 0.6851385 0.325     0.8156863],0.614182710647583
