loss,f1_score,accuracy
0.8497563004493713,[0.8703703  0.8201439  0.8619855  0.9166666  0.8360656  0.93023264],0.8822115659713745
