loss,f1_score,accuracy
0.5719985365867615,[0.7709091  0.30107525 0.72656256 0.8141592  0.6734694  0.8803419 ],0.7524038553237915
