loss,f1_score,accuracy
0.25943681597709656,[0.8994083  0.8307693  0.8929385  0.94029856 0.90076333 0.96428573],0.911057710647583
