loss,f1_score,accuracy
0.4086914658546448,[0.90123457 0.87142855 0.8947368  0.9460784  0.8965517  0.96899223],0.9182692170143127
